experimentRun;experimentScenarioNo;Mean_nmrOfExtortions;Sd_nmrOfExtortions;Mean_nmrOfLoots;Sd_nmrOfLoots;Mean_nmrOfExpands;Sd_nmrOfExpands;Mean_nmrOfAlliances;Sd_nmrOfAlliances;Mean_sumOfFights;Sd_sumOfFights;Mean_nmrOfFights;Sd_nmrOfFights;Mean_nmrOfReports;Sd_nmrOfReports;Mean_nmrOfFlees;Sd_nmrOfFlees;Mean_nmrOfRecruits;Sd_nmrOfRecruits;Mean_nmrOfExpels;Sd_nmrOfExpels;Mean_nmrOfDeaths;Sd_nmrOfDeaths;Mean_nmrOfRebels1;Sd_nmrOfRebels1;Mean_nmrOfRebels2;Sd_nmrOfRebels2;Mean_nmrOfRebels3;Sd_nmrOfRebels3;Mean_nmrOfExtorted1;Sd_nmrOfExtorted1;Mean_nmrOfExtorted2;Sd_nmrOfExtorted2;Mean_nmrOfExtorted3;Sd_nmrOfExtorted3;Mean_alive1;Sd_alive1;Mean_alive2;Sd_alive2;Mean_alive3;Sd_alive3
1557433174408;0;3651.1;1113.79169932934;5122.07;204.786573058515;19.29;4.04343838080834;0.05;0.21904291355759;9.8;2.33116782629296;9.8;2.33116782629296;6.45;2.96571315967248;2850.94;128.276675411181;2197.23;913.345607692351;634.57;533.898001362232;2198.62;622.119524389215;114.62;204.219765760498;73.73;148.73417783605;75.69;170.614202104033;63.89;116.171059436096;40.5;84.339082328899;44.67;102.439640271674;0.38;0.487831731214563;0.3;0.460566186471838;0.33;0.472581562625261
1557433174408;1;3465.85;1058.53881923063;5162.78;169.879314262041;19.75;3.98830360636771;0.05;0.21904291355759;9.82;2.40109402674125;9.82;2.40109402674125;6.72;2.86772355429152;2874.05;109.507287244256;2037.14;787.044709112141;622.72;548.283843764645;2084.17;522.162095173868;111.75;223.82981337064;63.27;122.484784047784;55.23;116.716167420687;59.79;116.213170118928;36.03;68.6431932517564;29.33;61.4986334741831;0.36;0.482418151324422;0.35;0.479372485441102;0.29;0.456048021572069
1557433174408;2;3835.5;1245.3383256989;5124.33;181.8709751889;18.71;3.3763736448887;0.04;0.196946385566932;9.54;2.25370626284614;9.54;2.25370626284614;6.21;2.18023722182572;2852.17;123.838935392678;1714.38;814.950624766974;574.75;473.669436261709;1793.39;504.601330685218;127.51;226.516282332234;86.77;140.769376189309;31.96;70.4757168581254;81.26;139.441716581633;49.77;85.1342202322042;16.8;35.5198052592714;0.36;0.482418151324422;0.41;0.49431107042371;0.23;0.422952584681651
