experimentRun;experimentScenarioNo;Mean_nmrOfExtortions;Sd_nmrOfExtortions;Mean_nmrOfLoots;Sd_nmrOfLoots;Mean_nmrOfExpands;Sd_nmrOfExpands;Mean_nmrOfAlliances;Sd_nmrOfAlliances;Mean_sumOfFights;Sd_sumOfFights;Mean_nmrOfFights;Sd_nmrOfFights;Mean_nmrOfReports;Sd_nmrOfReports;Mean_nmrOfFlees;Sd_nmrOfFlees;Mean_nmrOfRecruits;Sd_nmrOfRecruits;Mean_nmrOfExpels;Sd_nmrOfExpels;Mean_nmrOfDeaths;Sd_nmrOfDeaths;Mean_nmrOfRebels1;Sd_nmrOfRebels1;Mean_nmrOfRebels2;Sd_nmrOfRebels2;Mean_nmrOfRebels3;Sd_nmrOfRebels3;Mean_nmrOfExtorted1;Sd_nmrOfExtorted1;Mean_nmrOfExtorted2;Sd_nmrOfExtorted2;Mean_nmrOfExtorted3;Sd_nmrOfExtorted3;Mean_alive1;Sd_alive1;Mean_alive2;Sd_alive2;Mean_alive3;Sd_alive3
1557295002911;0;3593.917;1015.66693627214;5149.261;179.017502343053;19.35;3.80209888824001;0.071;0.268385973983424;9.744;2.28641459313303;9.744;2.28641459313303;6.552;2.64277889356644;2861.103;114.973280575298;2203.8;863.039137323767;651.276;523.35127436587;2208;618.127424980896;88.161;171.766932085189;75.276;152.189051285995;81.087;159.657464394675;48.577;96.6703534090376;41.224;85.1911694916754;48.392;97.0745270387644;0.34;0.47394580346768;0.311;0.463134422704136;0.352;0.477832946043201
1557295002911;1;3883.864;1382.17151164086;5113.345;231.524416704871;19.198;3.9525205146107;0.061;0.243594618861621;9.696;2.33645951025115;9.696;2.33645951025115;6.532;2.61377271540733;2837.723;148.929178374055;1567.336;670.735683754384;417.653;391.465167758983;1510.682;481.790563443311;174.448;230.44060008203;29.503;72.3009364836751;35.05;81.9081708283639;124.217;167.473141620273;17.342;42.3818269456999;20.14;49.6535787016191;0.553;0.497431843008103;0.218;0.413093992508541;0.233;0.422953768028954
1557295002911;2;3880.354;1224.40656978478;5127.878;211.689294659587;19.288;4.0855535423915;0.076;0.28338014098434;9.832;2.45230295636363;9.832;2.45230295636363;6.498;2.7337647063106;2843.399;136.66531091029;1400.521;572.35231871264;339.624;327.637215176739;1372.537;415.470772249497;171.256;205.765993565769;28.164;63.8709840741992;13.94;42.9999464580527;128.784;153.814434381901;18.311;41.8283383472125;8.96;26.6292229611665;0.616;0.486601254397048;0.244;0.429707631592282;0.145;0.352277020396022
